{"cameraMode":{"drawMode":0,"name":"Shaded","section":"Shading Mode"},"sceneLighting":true,"audioPlay":false,"sceneViewState":{"m_AlwaysRefresh":false,"showFog":true,"showSkybox":true,"showFlares":true,"showImageEffects":true,"showParticleSystems":true,"showVisualEffectGraphs":true,"m_FxEnabled":true},"in2DMode":false,"pivot":{"x":4.457400321960449,"y":2.843435764312744,"z":179.9037628173828},"rotation":{"x":-0.10787743330001831,"y":-0.06348545104265213,"z":0.006903320550918579,"w":-0.9921135902404785},"size":3.8083858489990236,"orthographic":false}